{
  "name": "library",
  "content": {
    "./node_modules/fbjs/lib/EventListener.js": {
      "id": 71,
      "meta": {}
    },
    "./node_modules/fbjs/lib/ExecutionEnvironment.js": {
      "id": 6,
      "meta": {}
    },
    "./node_modules/fbjs/lib/camelize.js": {
      "id": 121,
      "meta": {}
    },
    "./node_modules/fbjs/lib/camelizeStyleName.js": {
      "id": 122,
      "meta": {}
    },
    "./node_modules/fbjs/lib/containsNode.js": {
      "id": 123,
      "meta": {}
    },
    "./node_modules/fbjs/lib/createArrayFromMixed.js": {
      "id": 124,
      "meta": {}
    },
    "./node_modules/fbjs/lib/createNodesFromMarkup.js": {
      "id": 125,
      "meta": {}
    },
    "./node_modules/fbjs/lib/emptyFunction.js": {
      "id": 8,
      "meta": {}
    },
    "./node_modules/fbjs/lib/emptyObject.js": {
      "id": 24,
      "meta": {}
    },
    "./node_modules/fbjs/lib/focusNode.js": {
      "id": 72,
      "meta": {}
    },
    "./node_modules/fbjs/lib/getActiveElement.js": {
      "id": 73,
      "meta": {}
    },
    "./node_modules/fbjs/lib/getMarkupWrap.js": {
      "id": 126,
      "meta": {}
    },
    "./node_modules/fbjs/lib/getUnboundedScrollPosition.js": {
      "id": 127,
      "meta": {}
    },
    "./node_modules/fbjs/lib/hyphenate.js": {
      "id": 128,
      "meta": {}
    },
    "./node_modules/fbjs/lib/hyphenateStyleName.js": {
      "id": 129,
      "meta": {}
    },
    "./node_modules/fbjs/lib/invariant.js": {
      "id": 1,
      "meta": {}
    },
    "./node_modules/fbjs/lib/isNode.js": {
      "id": 130,
      "meta": {}
    },
    "./node_modules/fbjs/lib/isTextNode.js": {
      "id": 131,
      "meta": {}
    },
    "./node_modules/fbjs/lib/memoizeStringOnly.js": {
      "id": 132,
      "meta": {}
    },
    "./node_modules/fbjs/lib/performance.js": {
      "id": 133,
      "meta": {}
    },
    "./node_modules/fbjs/lib/performanceNow.js": {
      "id": 134,
      "meta": {}
    },
    "./node_modules/fbjs/lib/shallowEqual.js": {
      "id": 42,
      "meta": {}
    },
    "./node_modules/fbjs/lib/warning.js": {
      "id": 2,
      "meta": {}
    },
    "./node_modules/object-assign/index.js": {
      "id": 4,
      "meta": {}
    },
    "./node_modules/react-dom/index.js": {
      "id": 40,
      "meta": {}
    },
    "./node_modules/react-dom/lib/ARIADOMPropertyConfig.js": {
      "id": 135,
      "meta": {}
    },
    "./node_modules/react-dom/lib/AutoFocusUtils.js": {
      "id": 136,
      "meta": {}
    },
    "./node_modules/react-dom/lib/BeforeInputEventPlugin.js": {
      "id": 137,
      "meta": {}
    },
    "./node_modules/react-dom/lib/CSSProperty.js": {
      "id": 74,
      "meta": {}
    },
    "./node_modules/react-dom/lib/CSSPropertyOperations.js": {
      "id": 138,
      "meta": {}
    },
    "./node_modules/react-dom/lib/CallbackQueue.js": {
      "id": 75,
      "meta": {}
    },
    "./node_modules/react-dom/lib/ChangeEventPlugin.js": {
      "id": 139,
      "meta": {}
    },
    "./node_modules/react-dom/lib/DOMChildrenOperations.js": {
      "id": 43,
      "meta": {}
    },
    "./node_modules/react-dom/lib/DOMLazyTree.js": {
      "id": 25,
      "meta": {}
    },
    "./node_modules/react-dom/lib/DOMNamespaces.js": {
      "id": 44,
      "meta": {}
    },
    "./node_modules/react-dom/lib/DOMProperty.js": {
      "id": 17,
      "meta": {}
    },
    "./node_modules/react-dom/lib/DOMPropertyOperations.js": {
      "id": 76,
      "meta": {}
    },
    "./node_modules/react-dom/lib/Danger.js": {
      "id": 140,
      "meta": {}
    },
    "./node_modules/react-dom/lib/DefaultEventPluginOrder.js": {
      "id": 141,
      "meta": {}
    },
    "./node_modules/react-dom/lib/EnterLeaveEventPlugin.js": {
      "id": 142,
      "meta": {}
    },
    "./node_modules/react-dom/lib/EventConstants.js": {
      "id": 143,
      "meta": {}
    },
    "./node_modules/react-dom/lib/EventPluginHub.js": {
      "id": 26,
      "meta": {}
    },
    "./node_modules/react-dom/lib/EventPluginRegistry.js": {
      "id": 30,
      "meta": {}
    },
    "./node_modules/react-dom/lib/EventPluginUtils.js": {
      "id": 45,
      "meta": {}
    },
    "./node_modules/react-dom/lib/EventPropagators.js": {
      "id": 27,
      "meta": {}
    },
    "./node_modules/react-dom/lib/FallbackCompositionState.js": {
      "id": 144,
      "meta": {}
    },
    "./node_modules/react-dom/lib/HTMLDOMPropertyConfig.js": {
      "id": 145,
      "meta": {}
    },
    "./node_modules/react-dom/lib/KeyEscapeUtils.js": {
      "id": 46,
      "meta": {}
    },
    "./node_modules/react-dom/lib/LinkedValueUtils.js": {
      "id": 47,
      "meta": {}
    },
    "./node_modules/react-dom/lib/PooledClass.js": {
      "id": 18,
      "meta": {}
    },
    "./node_modules/react-dom/lib/ReactBrowserEventEmitter.js": {
      "id": 31,
      "meta": {}
    },
    "./node_modules/react-dom/lib/ReactChildReconciler.js": {
      "id": 146,
      "meta": {}
    },
    "./node_modules/react-dom/lib/ReactComponentBrowserEnvironment.js": {
      "id": 147,
      "meta": {}
    },
    "./node_modules/react-dom/lib/ReactComponentEnvironment.js": {
      "id": 48,
      "meta": {}
    },
    "./node_modules/react-dom/lib/ReactCompositeComponent.js": {
      "id": 77,
      "meta": {}
    },
    "./node_modules/react-dom/lib/ReactDOM.js": {
      "id": 49,
      "meta": {}
    },
    "./node_modules/react-dom/lib/ReactDOMComponent.js": {
      "id": 148,
      "meta": {}
    },
    "./node_modules/react-dom/lib/ReactDOMComponentFlags.js": {
      "id": 78,
      "meta": {}
    },
    "./node_modules/react-dom/lib/ReactDOMComponentTree.js": {
      "id": 5,
      "meta": {}
    },
    "./node_modules/react-dom/lib/ReactDOMContainerInfo.js": {
      "id": 149,
      "meta": {}
    },
    "./node_modules/react-dom/lib/ReactDOMEmptyComponent.js": {
      "id": 150,
      "meta": {}
    },
    "./node_modules/react-dom/lib/ReactDOMFeatureFlags.js": {
      "id": 151,
      "meta": {}
    },
    "./node_modules/react-dom/lib/ReactDOMIDOperations.js": {
      "id": 152,
      "meta": {}
    },
    "./node_modules/react-dom/lib/ReactDOMInput.js": {
      "id": 153,
      "meta": {}
    },
    "./node_modules/react-dom/lib/ReactDOMInvalidARIAHook.js": {
      "id": 154,
      "meta": {}
    },
    "./node_modules/react-dom/lib/ReactDOMNullInputValuePropHook.js": {
      "id": 155,
      "meta": {}
    },
    "./node_modules/react-dom/lib/ReactDOMOption.js": {
      "id": 156,
      "meta": {}
    },
    "./node_modules/react-dom/lib/ReactDOMSelect.js": {
      "id": 79,
      "meta": {}
    },
    "./node_modules/react-dom/lib/ReactDOMSelection.js": {
      "id": 157,
      "meta": {}
    },
    "./node_modules/react-dom/lib/ReactDOMTextComponent.js": {
      "id": 158,
      "meta": {}
    },
    "./node_modules/react-dom/lib/ReactDOMTextarea.js": {
      "id": 159,
      "meta": {}
    },
    "./node_modules/react-dom/lib/ReactDOMTreeTraversal.js": {
      "id": 160,
      "meta": {}
    },
    "./node_modules/react-dom/lib/ReactDOMUnknownPropertyHook.js": {
      "id": 161,
      "meta": {}
    },
    "./node_modules/react-dom/lib/ReactDebugTool.js": {
      "id": 80,
      "meta": {}
    },
    "./node_modules/react-dom/lib/ReactDefaultBatchingStrategy.js": {
      "id": 162,
      "meta": {}
    },
    "./node_modules/react-dom/lib/ReactDefaultInjection.js": {
      "id": 81,
      "meta": {}
    },
    "./node_modules/react-dom/lib/ReactElementSymbol.js": {
      "id": 163,
      "meta": {}
    },
    "./node_modules/react-dom/lib/ReactEmptyComponent.js": {
      "id": 82,
      "meta": {}
    },
    "./node_modules/react-dom/lib/ReactErrorUtils.js": {
      "id": 50,
      "meta": {}
    },
    "./node_modules/react-dom/lib/ReactEventEmitterMixin.js": {
      "id": 164,
      "meta": {}
    },
    "./node_modules/react-dom/lib/ReactEventListener.js": {
      "id": 165,
      "meta": {}
    },
    "./node_modules/react-dom/lib/ReactFeatureFlags.js": {
      "id": 83,
      "meta": {}
    },
    "./node_modules/react-dom/lib/ReactHostComponent.js": {
      "id": 84,
      "meta": {}
    },
    "./node_modules/react-dom/lib/ReactHostOperationHistoryHook.js": {
      "id": 166,
      "meta": {}
    },
    "./node_modules/react-dom/lib/ReactInjection.js": {
      "id": 167,
      "meta": {}
    },
    "./node_modules/react-dom/lib/ReactInputSelection.js": {
      "id": 85,
      "meta": {}
    },
    "./node_modules/react-dom/lib/ReactInstanceMap.js": {
      "id": 19,
      "meta": {}
    },
    "./node_modules/react-dom/lib/ReactInstrumentation.js": {
      "id": 9,
      "meta": {}
    },
    "./node_modules/react-dom/lib/ReactInvalidSetStateWarningHook.js": {
      "id": 168,
      "meta": {}
    },
    "./node_modules/react-dom/lib/ReactMarkupChecksum.js": {
      "id": 169,
      "meta": {}
    },
    "./node_modules/react-dom/lib/ReactMount.js": {
      "id": 86,
      "meta": {}
    },
    "./node_modules/react-dom/lib/ReactMultiChild.js": {
      "id": 170,
      "meta": {}
    },
    "./node_modules/react-dom/lib/ReactNodeTypes.js": {
      "id": 87,
      "meta": {}
    },
    "./node_modules/react-dom/lib/ReactOwner.js": {
      "id": 171,
      "meta": {}
    },
    "./node_modules/react-dom/lib/ReactPerf.js": {
      "id": 172,
      "meta": {}
    },
    "./node_modules/react-dom/lib/ReactPropTypeLocationNames.js": {
      "id": 173,
      "meta": {}
    },
    "./node_modules/react-dom/lib/ReactPropTypesSecret.js": {
      "id": 88,
      "meta": {}
    },
    "./node_modules/react-dom/lib/ReactReconcileTransaction.js": {
      "id": 174,
      "meta": {}
    },
    "./node_modules/react-dom/lib/ReactReconciler.js": {
      "id": 20,
      "meta": {}
    },
    "./node_modules/react-dom/lib/ReactRef.js": {
      "id": 175,
      "meta": {}
    },
    "./node_modules/react-dom/lib/ReactServerRenderingTransaction.js": {
      "id": 176,
      "meta": {}
    },
    "./node_modules/react-dom/lib/ReactServerUpdateQueue.js": {
      "id": 177,
      "meta": {}
    },
    "./node_modules/react-dom/lib/ReactShallowRenderer.js": {
      "id": 178,
      "meta": {}
    },
    "./node_modules/react-dom/lib/ReactTestUtils.js": {
      "id": 179,
      "meta": {}
    },
    "./node_modules/react-dom/lib/ReactUpdateQueue.js": {
      "id": 51,
      "meta": {}
    },
    "./node_modules/react-dom/lib/ReactUpdates.js": {
      "id": 10,
      "meta": {}
    },
    "./node_modules/react-dom/lib/ReactVersion.js": {
      "id": 180,
      "meta": {}
    },
    "./node_modules/react-dom/lib/SVGDOMPropertyConfig.js": {
      "id": 181,
      "meta": {}
    },
    "./node_modules/react-dom/lib/SelectEventPlugin.js": {
      "id": 182,
      "meta": {}
    },
    "./node_modules/react-dom/lib/SimpleEventPlugin.js": {
      "id": 183,
      "meta": {}
    },
    "./node_modules/react-dom/lib/SyntheticAnimationEvent.js": {
      "id": 184,
      "meta": {}
    },
    "./node_modules/react-dom/lib/SyntheticClipboardEvent.js": {
      "id": 185,
      "meta": {}
    },
    "./node_modules/react-dom/lib/SyntheticCompositionEvent.js": {
      "id": 186,
      "meta": {}
    },
    "./node_modules/react-dom/lib/SyntheticDragEvent.js": {
      "id": 187,
      "meta": {}
    },
    "./node_modules/react-dom/lib/SyntheticEvent.js": {
      "id": 11,
      "meta": {}
    },
    "./node_modules/react-dom/lib/SyntheticFocusEvent.js": {
      "id": 188,
      "meta": {}
    },
    "./node_modules/react-dom/lib/SyntheticInputEvent.js": {
      "id": 189,
      "meta": {}
    },
    "./node_modules/react-dom/lib/SyntheticKeyboardEvent.js": {
      "id": 190,
      "meta": {}
    },
    "./node_modules/react-dom/lib/SyntheticMouseEvent.js": {
      "id": 35,
      "meta": {}
    },
    "./node_modules/react-dom/lib/SyntheticTouchEvent.js": {
      "id": 191,
      "meta": {}
    },
    "./node_modules/react-dom/lib/SyntheticTransitionEvent.js": {
      "id": 192,
      "meta": {}
    },
    "./node_modules/react-dom/lib/SyntheticUIEvent.js": {
      "id": 32,
      "meta": {}
    },
    "./node_modules/react-dom/lib/SyntheticWheelEvent.js": {
      "id": 193,
      "meta": {}
    },
    "./node_modules/react-dom/lib/Transaction.js": {
      "id": 36,
      "meta": {}
    },
    "./node_modules/react-dom/lib/ViewportMetrics.js": {
      "id": 89,
      "meta": {}
    },
    "./node_modules/react-dom/lib/accumulateInto.js": {
      "id": 90,
      "meta": {}
    },
    "./node_modules/react-dom/lib/adler32.js": {
      "id": 194,
      "meta": {}
    },
    "./node_modules/react-dom/lib/checkReactTypeSpec.js": {
      "id": 195,
      "meta": {}
    },
    "./node_modules/react-dom/lib/createMicrosoftUnsafeLocalFunction.js": {
      "id": 52,
      "meta": {}
    },
    "./node_modules/react-dom/lib/dangerousStyleValue.js": {
      "id": 196,
      "meta": {}
    },
    "./node_modules/react-dom/lib/escapeTextContentForBrowser.js": {
      "id": 37,
      "meta": {}
    },
    "./node_modules/react-dom/lib/findDOMNode.js": {
      "id": 91,
      "meta": {}
    },
    "./node_modules/react-dom/lib/flattenChildren.js": {
      "id": 197,
      "meta": {}
    },
    "./node_modules/react-dom/lib/forEachAccumulated.js": {
      "id": 92,
      "meta": {}
    },
    "./node_modules/react-dom/lib/getEventCharCode.js": {
      "id": 53,
      "meta": {}
    },
    "./node_modules/react-dom/lib/getEventKey.js": {
      "id": 198,
      "meta": {}
    },
    "./node_modules/react-dom/lib/getEventModifierState.js": {
      "id": 54,
      "meta": {}
    },
    "./node_modules/react-dom/lib/getEventTarget.js": {
      "id": 55,
      "meta": {}
    },
    "./node_modules/react-dom/lib/getHostComponentFromComposite.js": {
      "id": 93,
      "meta": {}
    },
    "./node_modules/react-dom/lib/getIteratorFn.js": {
      "id": 199,
      "meta": {}
    },
    "./node_modules/react-dom/lib/getNextDebugID.js": {
      "id": 94,
      "meta": {}
    },
    "./node_modules/react-dom/lib/getNodeForCharacterOffset.js": {
      "id": 200,
      "meta": {}
    },
    "./node_modules/react-dom/lib/getTextContentAccessor.js": {
      "id": 95,
      "meta": {}
    },
    "./node_modules/react-dom/lib/getVendorPrefixedEventName.js": {
      "id": 201,
      "meta": {}
    },
    "./node_modules/react-dom/lib/instantiateReactComponent.js": {
      "id": 96,
      "meta": {}
    },
    "./node_modules/react-dom/lib/isEventSupported.js": {
      "id": 56,
      "meta": {}
    },
    "./node_modules/react-dom/lib/isTextInputElement.js": {
      "id": 97,
      "meta": {}
    },
    "./node_modules/react-dom/lib/quoteAttributeValueForBrowser.js": {
      "id": 202,
      "meta": {}
    },
    "./node_modules/react-dom/lib/reactProdInvariant.js": {
      "id": 3,
      "meta": {}
    },
    "./node_modules/react-dom/lib/renderSubtreeIntoContainer.js": {
      "id": 203,
      "meta": {}
    },
    "./node_modules/react-dom/lib/setInnerHTML.js": {
      "id": 38,
      "meta": {}
    },
    "./node_modules/react-dom/lib/setTextContent.js": {
      "id": 98,
      "meta": {}
    },
    "./node_modules/react-dom/lib/shouldUpdateReactComponent.js": {
      "id": 57,
      "meta": {}
    },
    "./node_modules/react-dom/lib/traverseAllChildren.js": {
      "id": 99,
      "meta": {}
    },
    "./node_modules/react-dom/lib/validateDOMNesting.js": {
      "id": 58,
      "meta": {}
    },
    "./node_modules/react/lib/KeyEscapeUtils.js": {
      "id": 100,
      "meta": {}
    },
    "./node_modules/react/lib/PooledClass.js": {
      "id": 204,
      "meta": {}
    },
    "./node_modules/react/lib/React.js": {
      "id": 14,
      "meta": {}
    },
    "./node_modules/react/lib/ReactAddonsDOMDependencies.js": {
      "id": 205,
      "meta": {}
    },
    "./node_modules/react/lib/ReactChildren.js": {
      "id": 206,
      "meta": {}
    },
    "./node_modules/react/lib/ReactClass.js": {
      "id": 207,
      "meta": {}
    },
    "./node_modules/react/lib/ReactComponent.js": {
      "id": 59,
      "meta": {}
    },
    "./node_modules/react/lib/ReactComponentTreeHook.js": {
      "id": 7,
      "meta": {}
    },
    "./node_modules/react/lib/ReactCurrentOwner.js": {
      "id": 12,
      "meta": {}
    },
    "./node_modules/react/lib/ReactDOMFactories.js": {
      "id": 208,
      "meta": {}
    },
    "./node_modules/react/lib/ReactElement.js": {
      "id": 21,
      "meta": {}
    },
    "./node_modules/react/lib/ReactElementSymbol.js": {
      "id": 101,
      "meta": {}
    },
    "./node_modules/react/lib/ReactElementValidator.js": {
      "id": 102,
      "meta": {}
    },
    "./node_modules/react/lib/ReactNoopUpdateQueue.js": {
      "id": 60,
      "meta": {}
    },
    "./node_modules/react/lib/ReactPropTypeLocationNames.js": {
      "id": 61,
      "meta": {}
    },
    "./node_modules/react/lib/ReactPropTypes.js": {
      "id": 209,
      "meta": {}
    },
    "./node_modules/react/lib/ReactPropTypesSecret.js": {
      "id": 103,
      "meta": {}
    },
    "./node_modules/react/lib/ReactPureComponent.js": {
      "id": 210,
      "meta": {}
    },
    "./node_modules/react/lib/ReactTransitionChildMapping.js": {
      "id": 211,
      "meta": {}
    },
    "./node_modules/react/lib/ReactTransitionGroup.js": {
      "id": 212,
      "meta": {}
    },
    "./node_modules/react/lib/ReactVersion.js": {
      "id": 213,
      "meta": {}
    },
    "./node_modules/react/lib/canDefineProperty.js": {
      "id": 62,
      "meta": {}
    },
    "./node_modules/react/lib/checkReactTypeSpec.js": {
      "id": 214,
      "meta": {}
    },
    "./node_modules/react/lib/flattenChildren.js": {
      "id": 215,
      "meta": {}
    },
    "./node_modules/react/lib/getIteratorFn.js": {
      "id": 63,
      "meta": {}
    },
    "./node_modules/react/lib/onlyChild.js": {
      "id": 216,
      "meta": {}
    },
    "./node_modules/react/lib/reactProdInvariant.js": {
      "id": 22,
      "meta": {}
    },
    "./node_modules/react/lib/traverseAllChildren.js": {
      "id": 104,
      "meta": {}
    },
    "./node_modules/react/react.js": {
      "id": 41,
      "meta": {}
    },
    "./node_modules/velocity-animate/velocity.js": {
      "id": 70,
      "meta": {}
    },
    "./node_modules/velocity-react/index.js": {
      "id": 120,
      "meta": {}
    },
    "./node_modules/velocity-react/lib/velocity-animate-shim.js": {
      "id": 64,
      "meta": {}
    },
    "./node_modules/velocity-react/node_modules/lodash/array/last.js": {
      "id": 217,
      "meta": {}
    },
    "./node_modules/velocity-react/node_modules/lodash/collection/each.js": {
      "id": 218,
      "meta": {}
    },
    "./node_modules/velocity-react/node_modules/lodash/collection/forEach.js": {
      "id": 65,
      "meta": {}
    },
    "./node_modules/velocity-react/node_modules/lodash/collection/map.js": {
      "id": 219,
      "meta": {}
    },
    "./node_modules/velocity-react/node_modules/lodash/collection/pluck.js": {
      "id": 220,
      "meta": {}
    },
    "./node_modules/velocity-react/node_modules/lodash/function/restParam.js": {
      "id": 105,
      "meta": {}
    },
    "./node_modules/velocity-react/node_modules/lodash/internal/SetCache.js": {
      "id": 221,
      "meta": {}
    },
    "./node_modules/velocity-react/node_modules/lodash/internal/arrayEach.js": {
      "id": 222,
      "meta": {}
    },
    "./node_modules/velocity-react/node_modules/lodash/internal/arrayMap.js": {
      "id": 106,
      "meta": {}
    },
    "./node_modules/velocity-react/node_modules/lodash/internal/arrayPush.js": {
      "id": 223,
      "meta": {}
    },
    "./node_modules/velocity-react/node_modules/lodash/internal/arraySome.js": {
      "id": 224,
      "meta": {}
    },
    "./node_modules/velocity-react/node_modules/lodash/internal/assignWith.js": {
      "id": 225,
      "meta": {}
    },
    "./node_modules/velocity-react/node_modules/lodash/internal/baseAssign.js": {
      "id": 226,
      "meta": {}
    },
    "./node_modules/velocity-react/node_modules/lodash/internal/baseCallback.js": {
      "id": 227,
      "meta": {}
    },
    "./node_modules/velocity-react/node_modules/lodash/internal/baseCopy.js": {
      "id": 228,
      "meta": {}
    },
    "./node_modules/velocity-react/node_modules/lodash/internal/baseDifference.js": {
      "id": 229,
      "meta": {}
    },
    "./node_modules/velocity-react/node_modules/lodash/internal/baseEach.js": {
      "id": 107,
      "meta": {}
    },
    "./node_modules/velocity-react/node_modules/lodash/internal/baseFlatten.js": {
      "id": 230,
      "meta": {}
    },
    "./node_modules/velocity-react/node_modules/lodash/internal/baseFor.js": {
      "id": 108,
      "meta": {}
    },
    "./node_modules/velocity-react/node_modules/lodash/internal/baseForIn.js": {
      "id": 231,
      "meta": {}
    },
    "./node_modules/velocity-react/node_modules/lodash/internal/baseForOwn.js": {
      "id": 232,
      "meta": {}
    },
    "./node_modules/velocity-react/node_modules/lodash/internal/baseGet.js": {
      "id": 109,
      "meta": {}
    },
    "./node_modules/velocity-react/node_modules/lodash/internal/baseIndexOf.js": {
      "id": 233,
      "meta": {}
    },
    "./node_modules/velocity-react/node_modules/lodash/internal/baseIsEqual.js": {
      "id": 66,
      "meta": {}
    },
    "./node_modules/velocity-react/node_modules/lodash/internal/baseIsEqualDeep.js": {
      "id": 234,
      "meta": {}
    },
    "./node_modules/velocity-react/node_modules/lodash/internal/baseIsMatch.js": {
      "id": 235,
      "meta": {}
    },
    "./node_modules/velocity-react/node_modules/lodash/internal/baseMap.js": {
      "id": 236,
      "meta": {}
    },
    "./node_modules/velocity-react/node_modules/lodash/internal/baseMatches.js": {
      "id": 237,
      "meta": {}
    },
    "./node_modules/velocity-react/node_modules/lodash/internal/baseMatchesProperty.js": {
      "id": 238,
      "meta": {}
    },
    "./node_modules/velocity-react/node_modules/lodash/internal/baseProperty.js": {
      "id": 110,
      "meta": {}
    },
    "./node_modules/velocity-react/node_modules/lodash/internal/basePropertyDeep.js": {
      "id": 239,
      "meta": {}
    },
    "./node_modules/velocity-react/node_modules/lodash/internal/baseSlice.js": {
      "id": 240,
      "meta": {}
    },
    "./node_modules/velocity-react/node_modules/lodash/internal/baseToString.js": {
      "id": 241,
      "meta": {}
    },
    "./node_modules/velocity-react/node_modules/lodash/internal/bindCallback.js": {
      "id": 33,
      "meta": {}
    },
    "./node_modules/velocity-react/node_modules/lodash/internal/cacheIndexOf.js": {
      "id": 242,
      "meta": {}
    },
    "./node_modules/velocity-react/node_modules/lodash/internal/cachePush.js": {
      "id": 243,
      "meta": {}
    },
    "./node_modules/velocity-react/node_modules/lodash/internal/createAssigner.js": {
      "id": 244,
      "meta": {}
    },
    "./node_modules/velocity-react/node_modules/lodash/internal/createBaseEach.js": {
      "id": 245,
      "meta": {}
    },
    "./node_modules/velocity-react/node_modules/lodash/internal/createBaseFor.js": {
      "id": 246,
      "meta": {}
    },
    "./node_modules/velocity-react/node_modules/lodash/internal/createCache.js": {
      "id": 247,
      "meta": {}
    },
    "./node_modules/velocity-react/node_modules/lodash/internal/createForEach.js": {
      "id": 248,
      "meta": {}
    },
    "./node_modules/velocity-react/node_modules/lodash/internal/equalArrays.js": {
      "id": 249,
      "meta": {}
    },
    "./node_modules/velocity-react/node_modules/lodash/internal/equalByTag.js": {
      "id": 250,
      "meta": {}
    },
    "./node_modules/velocity-react/node_modules/lodash/internal/equalObjects.js": {
      "id": 251,
      "meta": {}
    },
    "./node_modules/velocity-react/node_modules/lodash/internal/getLength.js": {
      "id": 111,
      "meta": {}
    },
    "./node_modules/velocity-react/node_modules/lodash/internal/getMatchData.js": {
      "id": 252,
      "meta": {}
    },
    "./node_modules/velocity-react/node_modules/lodash/internal/getNative.js": {
      "id": 39,
      "meta": {}
    },
    "./node_modules/velocity-react/node_modules/lodash/internal/indexOfNaN.js": {
      "id": 253,
      "meta": {}
    },
    "./node_modules/velocity-react/node_modules/lodash/internal/isArrayLike.js": {
      "id": 34,
      "meta": {}
    },
    "./node_modules/velocity-react/node_modules/lodash/internal/isIndex.js": {
      "id": 67,
      "meta": {}
    },
    "./node_modules/velocity-react/node_modules/lodash/internal/isIterateeCall.js": {
      "id": 254,
      "meta": {}
    },
    "./node_modules/velocity-react/node_modules/lodash/internal/isKey.js": {
      "id": 112,
      "meta": {}
    },
    "./node_modules/velocity-react/node_modules/lodash/internal/isLength.js": {
      "id": 28,
      "meta": {}
    },
    "./node_modules/velocity-react/node_modules/lodash/internal/isObjectLike.js": {
      "id": 29,
      "meta": {}
    },
    "./node_modules/velocity-react/node_modules/lodash/internal/isStrictComparable.js": {
      "id": 113,
      "meta": {}
    },
    "./node_modules/velocity-react/node_modules/lodash/internal/pickByArray.js": {
      "id": 255,
      "meta": {}
    },
    "./node_modules/velocity-react/node_modules/lodash/internal/pickByCallback.js": {
      "id": 256,
      "meta": {}
    },
    "./node_modules/velocity-react/node_modules/lodash/internal/shimKeys.js": {
      "id": 257,
      "meta": {}
    },
    "./node_modules/velocity-react/node_modules/lodash/internal/toObject.js": {
      "id": 15,
      "meta": {}
    },
    "./node_modules/velocity-react/node_modules/lodash/internal/toPath.js": {
      "id": 114,
      "meta": {}
    },
    "./node_modules/velocity-react/node_modules/lodash/lang/isArguments.js": {
      "id": 68,
      "meta": {}
    },
    "./node_modules/velocity-react/node_modules/lodash/lang/isArray.js": {
      "id": 16,
      "meta": {}
    },
    "./node_modules/velocity-react/node_modules/lodash/lang/isEqual.js": {
      "id": 115,
      "meta": {}
    },
    "./node_modules/velocity-react/node_modules/lodash/lang/isFunction.js": {
      "id": 258,
      "meta": {}
    },
    "./node_modules/velocity-react/node_modules/lodash/lang/isNative.js": {
      "id": 259,
      "meta": {}
    },
    "./node_modules/velocity-react/node_modules/lodash/lang/isObject.js": {
      "id": 13,
      "meta": {}
    },
    "./node_modules/velocity-react/node_modules/lodash/lang/isTypedArray.js": {
      "id": 260,
      "meta": {}
    },
    "./node_modules/velocity-react/node_modules/lodash/object/assign.js": {
      "id": 261,
      "meta": {}
    },
    "./node_modules/velocity-react/node_modules/lodash/object/extend.js": {
      "id": 262,
      "meta": {}
    },
    "./node_modules/velocity-react/node_modules/lodash/object/keys.js": {
      "id": 23,
      "meta": {}
    },
    "./node_modules/velocity-react/node_modules/lodash/object/keysIn.js": {
      "id": 69,
      "meta": {}
    },
    "./node_modules/velocity-react/node_modules/lodash/object/omit.js": {
      "id": 116,
      "meta": {}
    },
    "./node_modules/velocity-react/node_modules/lodash/object/pairs.js": {
      "id": 263,
      "meta": {}
    },
    "./node_modules/velocity-react/node_modules/lodash/utility/identity.js": {
      "id": 117,
      "meta": {}
    },
    "./node_modules/velocity-react/node_modules/lodash/utility/property.js": {
      "id": 118,
      "meta": {}
    },
    "./node_modules/velocity-react/node_modules/react-addons-transition-group/index.js": {
      "id": 264,
      "meta": {}
    },
    "./node_modules/velocity-react/velocity-component.js": {
      "id": 265,
      "meta": {}
    },
    "./node_modules/velocity-react/velocity-helpers.js": {
      "id": 266,
      "meta": {}
    },
    "./node_modules/velocity-react/velocity-transition-group.js": {
      "id": 267,
      "meta": {}
    },
    "./node_modules/webpack/buildin/global.js": {
      "id": 119,
      "meta": {}
    },
    "./node_modules/webpack/node_modules/node-libs-browser/node_modules/process/browser.js": {
      "id": 0,
      "meta": {}
    }
  }
}